{"\u2b50\ufe0f\u2b50\ufe0f\u2b50\ufe0f\u2b50\ufe0f\u2b50\ufe0f": {"price": "$0.80", "link": "https://app.tonkeeper.com/transfer/UQAwroBrBTSzzVYx_IXpR-R_KJ_mZQgmT7uNsUZdJ5MM68ep?amount=209700000&text=buy_stars%3D6347842836"}, "\u2b50\ufe0f\u2b50\ufe0f\u2b50\ufe0f\u2b50\ufe0f\u2b50\ufe0f\u2b50\ufe0f\u2b50\ufe0f": {"price": "$1.20", "link": "https://app.tonkeeper.com/transfer/UQAwroBrBTSzzVYx_IXpR-R_KJ_mZQgmT7uNsUZdJ5MM68ep?amount=315800000&text=buy_stars%3D6347842836"}, "\u2b50\ufe0f\u00d7100": {"price": "$1.50", "link": "https://app.tonkeeper.com/transfer/UQAwroBrBTSzzVYx_IXpR-R_KJ_mZQgmT7uNsUZdJ5MM68ep?amount=393200000&text=buy_stars%3D6347842836"}, "\u2b50\ufe0f\u00d7150": {"price": "$2.20", "link": "https://app.tonkeeper.com/transfer/UQAwroBrBTSzzVYx_IXpR-R_KJ_mZQgmT7uNsUZdJ5MM68ep?amount=577400000&text=buy_stars%3D6347842836"}, "\u2b50\ufe0f\u00d7250": {"price": "$4.00", "link": "https://app.tonkeeper.com/transfer/UQAwroBrBTSzzVYx_IXpR-R_KJ_mZQgmT7uNsUZdJ5MM68ep?amount=1049900000&text=buy_stars%3D6347842836"}, "\u2b50\ufe0f\u00d7350": {"price": "$5.50", "link": "https://app.tonkeeper.com/transfer/UQAwroBrBTSzzVYx_IXpR-R_KJ_mZQgmT7uNsUZdJ5MM68ep?amount=1443600000&text=buy_stars%3D6347842836"}, "\u2b50\ufe0f\u00d7500": {"price": "$8.00", "link": "https://app.tonkeeper.com/transfer/UQAwroBrBTSzzVYx_IXpR-R_KJ_mZQgmT7uNsUZdJ5MM68ep?amount=2099700000&text=buy_stars%3D6347842836"}, "\u2b50\ufe0f\u00d7750": {"price": "$12.10", "link": "https://app.tonkeeper.com/transfer/UQAwroBrBTSzzVYx_IXpR-R_KJ_mZQgmT7uNsUZdJ5MM68ep?amount=3176900000&text=buy_stars%3D6347842836"}, "\u2b50\ufe0f\u00d71k": {"price": "$15.50", "link": "https://app.tonkeeper.com/transfer/UQAwroBrBTSzzVYx_IXpR-R_KJ_mZQgmT7uNsUZdJ5MM68ep?amount=4068200000&text=buy_stars%3D6347842836"}, "\u2b50\ufe0f\u00d71.5k": {"price": "$22.00", "link": "https://app.tonkeeper.com/transfer/UQAwroBrBTSzzVYx_IXpR-R_KJ_mZQgmT7uNsUZdJ5MM68ep?amount=5774000000&text=buy_stars%3D6347842836"}, "\u2b50\ufe0f\u00d72.5k": {"price": "$40.00", "link": "https://app.tonkeeper.com/transfer/UQAwroBrBTSzzVYx_IXpR-R_KJ_mZQgmT7uNsUZdJ5MM68ep?amount=10780000000&text=buy_stars%3D6347842836"}, "\u2b50\ufe0f\u00d75k": {"price": "$80.00", "link": "https://app.tonkeeper.com/transfer/UQAwroBrBTSzzVYx_IXpR-R_KJ_mZQgmT7uNsUZdJ5MM68ep?amount=21560000000&text=buy_stars%3D6347842836"}, "\u2b50\ufe0f\u00d710k": {"price": "$160.00", "link": "https://app.tonkeeper.com/transfer/UQAwroBrBTSzzVYx_IXpR-R_KJ_mZQgmT7uNsUZdJ5MM68ep?amount=43120000000&text=buy_stars%3D6347842836"}, "\u2b50\ufe0f\u00d725k": {"price": "$410.00", "link": "https://app.tonkeeper.com/transfer/UQAwroBrBTSzzVYx_IXpR-R_KJ_mZQgmT7uNsUZdJ5MM68ep?amount=110510000000&text=buy_stars%3D6347842836"}, "\u2b50\ufe0f\u00d735k": {"price": "$570.00", "link": "https://app.tonkeeper.com/transfer/UQAwroBrBTSzzVYx_IXpR-R_KJ_mZQgmT7uNsUZdJ5MM68ep?amount=153640000000&text=buy_stars%3D6347842836"}, "\u2b50\ufe0f\u00d750k": {"price": "$810.00", "link": "https://app.tonkeeper.com/transfer/UQAwroBrBTSzzVYx_IXpR-R_KJ_mZQgmT7uNsUZdJ5MM68ep?amount=221310000000&text=buy_stars%3D6347842836"}, "\u2b50\ufe0f\u00d7100k": {"price": "$1,600.00", "link": "https://app.tonkeeper.com/transfer/UQAwroBrBTSzzVYx_IXpR-R_KJ_mZQgmT7uNsUZdJ5MM68ep?amount=399000000000&text=buy_stars%3D6347842836"}, "\u2b50\ufe0f\u00d7150k": {"price": "$2,380.00", "link": "https://app.tonkeeper.com/transfer/UQAwroBrBTSzzVYx_IXpR-R_KJ_mZQgmT7uNsUZdJ5MM68ep?amount=595000000000&text=buy_stars%3D6347842836"}, "\u2b50\ufe0f\u00d7500k": {"price": "$7,700.00", "link": "https://app.tonkeeper.com/transfer/UQAwroBrBTSzzVYx_IXpR-R_KJ_mZQgmT7uNsUZdJ5MM68ep?amount=1920200000000&text=buy_stars%3D6347842836"}, "\u2b50\ufe0f\u00d71M": {"price": "$15,500.00", "link": "https://app.tonkeeper.com/transfer/UQAwroBrBTSzzVYx_IXpR-R_KJ_mZQgmT7uNsUZdJ5MM68ep?amount=3865340000000&text=buy_stars%3D6347842836"}}